Company Name,Website,City,Segment,What They Make,Revenue Band,Decision Maker,DM Title,DM Background,C1 Manufacturer Score,C1 Evidence,C2 India Score,C2 Evidence,C3 Differentiation Score,C3 Evidence,C4 Tech DM Score,C4 Evidence,C5 Tailwind Score,C5 Evidence,C6 Growth Score,C6 Evidence,Federer Score,Score Band,Verdict,Verdict Reasoning,Personalization Hook,Evidence Sources
Concord Biotech,concordbiotech.com,Ahmedabad,Specialty Biotech,"Fermentation-based APIs, Immunosuppressants, Oncology APIs",>Rs.500Cr,Sudhir Vaid,"Founder, Chairman & Managing Director",Founder-led biotech entrepreneur,PASS,Own API manufacturing facilities in India,PASS,Ahmedabad manufacturing & operational presence,Strong (20),"Fermentation technology, specialized biotech manufacturing",Strong (15),Founder-built specialized biotech business,Strong (15),Growing biotech/pharma export sector,Strong (15),Expansion and export growth indicators,65,A - Strong Federer,Strong Fit,"Specialty biotech manufacturer with in-house production, strong sector tailwinds, founder-led leadership, and visible growth indicators.",Built global fermentation-based pharmaceutical manufacturing capabilities serving regulated international markets.,"Company website, annual reports, LinkedIn, public filings"
Biophore India Pharmaceuticals Pvt Ltd,biophore.com,Hyderabad,Complex APIs / Specialty Pharma,"Complex generic APIs, peptide APIs, niche pharmaceutical ingredients",Rs.100-300Cr,Jagadeesh Babu Rangisetty,Founder & CEO,"Pharmaceutical entrepreneur, specialty API industry expert",PASS,Own R&D and API manufacturing facilities in Hyderabad,PASS,Hyderabad HQ and manufacturing operations,Strong (20),Focus on difficult-to-manufacture niche APIs instead of commodity APIs,Strong (15),Founder-led pharma company with technical specialization,Strong (15),Global demand for specialty APIs and India pharma exports,Strong (15),Product expansion and international regulatory approvals,65,A - Strong Federer,Strong Fit,"Specialized API manufacturer with technical moat, founder-led operations, and export-focused growth.",Built expertise in complex APIs that few manufacturers globally can produce efficiently.,"Company website, LinkedIn, public pharma industry sources"
Sahajanand Medical Technologies,smtpl.com,Ahmedabad,Medical Devices,"Coronary stents, balloons, cardiovascular devices",Rs.300-500Cr,Dhirajlal Kotadia,Founder & Chairman Emeritus,Medical device entrepreneur,PASS,Manufactures cardiovascular devices in-house,PASS,Ahmedabad manufacturing operations,Strong (20),Specialized cardiac devices exported globally,Strong (15),Founder built technology-focused medical device company,Strong (15),Growing healthcare and medical device sector,Strong (15),Global expansion and export market presence,65,A - Strong Federer,Strong Fit,High-value medical device manufacturer with strong differentiation and export footprint.,One of India's globally recognized cardiovascular device manufacturers competing in advanced medical technology.,"Company website, medical device industry reports, LinkedIn"
Appasamy Ocular Devices,appasamy.com,Chennai,Medical Devices,"Ophthalmic surgical equipment, intraocular lenses, diagnostic devices",Rs.100-300Cr,Dr. Appasamy Odayar,Founder,Ophthalmology-focused medical device entrepreneur,PASS,Manufactures ophthalmic devices in-house,PASS,Chennai manufacturing operations,Strong (20),Specialized ophthalmic product portfolio,Strong (15),Founder built specialized healthcare manufacturing business,Strong (15),Growing medical device sector,Strong (15),International exports and product expansion,65,A - Strong Federer,Strong Fit,Specialized medical device manufacturer with strong niche focus and exports.,Built one of India's largest ophthalmic device ecosystems serving global eye-care markets.,"Company website, LinkedIn, industry reports"
Clearsynth,clearsynth.com,Pune,Specialty Chemicals,"Impurity standards, reference compounds, research chemicals",Rs.30-100Cr,Dr. Kailash Gupta,Founder & Managing Director,"Scientific founder, chemistry researcher",PASS,Produces specialty research chemicals,PASS,Pune operations and manufacturing,Strong (20),High-value specialty reference standards,Strong (15),Science-founder led company,Strong (15),Pharma R&D growth and research demand,Strong (15),Global customer base and expanding catalog,65,A - Strong Federer,Strong Fit,Science-led specialty chemical company with strong technical moat.,Built globally recognized expertise in pharmaceutical impurity standards.,"Company website, LinkedIn, public company information"
ELGi Equipments,elgi.com,Coimbatore,Industrial Engineering,Air compressors and compressed air systems,>Rs.500Cr,Jairam Varadaraj,Managing Director,Engineering and industrial manufacturing leadership,PASS,Own manufacturing facilities,PASS,Coimbatore manufacturing base,Strong (20),Global industrial compressor brand,Strong (15),Engineering-focused leadership,Moderate (8),Industrial manufacturing growth,Strong (15),Export expansion and global operations,58,B - Probable Federer,Good Fit,Established industrial engineering company with strong export presence.,Built a globally recognized industrial equipment brand competing against multinational players.,"Company website, annual reports, LinkedIn"
Vascular Concepts,vascularconcepts.com,Bengaluru,Medical Devices,Vascular grafts and cardiovascular implants,Rs.30-100Cr,P. Manivannan,Founder,Medical technology entrepreneur,PASS,Manufactures vascular devices,PASS,Bengaluru operations,Strong (20),Specialized cardiovascular implants,Strong (15),Technology-focused founder,Strong (15),Healthcare and medical device growth,Moderate (8),Product portfolio expansion,58,B - Probable Federer,Good Fit,Niche medical device company with specialized products.,Focused on advanced vascular products serving high-value healthcare markets.,"Company website, healthcare industry sources"
Roots Industries,rootsindustries.com,Coimbatore,Precision Engineering,"Automotive horns, EV components, precision products",Rs.300-500Cr,K. Ramasamy Family Leadership,Chairman,Manufacturing entrepreneur,PASS,Large-scale manufacturing facilities,PASS,Coimbatore production base,Moderate (10),Established automotive manufacturing capabilities,Moderate (8),Manufacturing-focused leadership,Strong (15),EV and automotive sector growth,Strong (15),Export markets and product diversification,48,C - Borderline,Borderline Fit,Strong manufacturing company but lower differentiation than niche specialty manufacturers.,Expanded from traditional automotive products into mobility-focused manufacturing segments.,"Company website, industry reports, LinkedIn"
Aurolab,aurolab.com,Madurai,Medical Devices,"Intraocular lenses, ophthalmic surgical products",Rs.100-300Cr,Dr. N. Nachiappan,Executive Director,Healthcare manufacturing leadership,PASS,Manufactures ophthalmic devices in-house,PASS,Madurai manufacturing facility,Strong (20),Affordable eye-care products exported globally,Strong (15),Technology-driven medical manufacturing,Strong (15),Growing healthcare demand,Strong (15),Global expansion and exports,65,A - Strong Federer,Strong Fit,Global eye-care manufacturing company with strong product differentiation and exports.,Built affordable eye-care products reaching patients across multiple countries.,"Company Website, LinkedIn, Industry Reports"
Hikal Ltd,hikal.com,Pune,Specialty Chemicals,"APIs, agrochemicals, specialty chemicals",Rs.500Cr,Jai Hiremath,Executive Chairman,Chemical engineering entrepreneur,PASS,Multiple manufacturing plants,PASS,India-based manufacturing operations,Strong (20),Specialized chemistry capabilities,Strong (15),Science and engineering-led organization,Strong (15),Pharma and agrochemical growth,Strong (15),Capacity expansion and exports,65,A - Strong Federer,Strong Fit,Large specialty chemical manufacturer with strong technical capabilities and growth potential.,Built advanced chemistry expertise serving global pharmaceutical and agrochemical markets.,"Company Website, Annual Reports, LinkedIn"
Sutures India,suturesindia.com,Bengaluru,Medical Devices,"Surgical sutures, wound-care products",Rs.100-300Cr,K. S. Raju,Founder,Medical manufacturing entrepreneur,PASS,Own manufacturing facilities,PASS,Bengaluru operations,Strong (20),Specialized surgical products,Strong (15),Founder-built healthcare company,Strong (15),Healthcare sector growth,Moderate (8),Export presence and product expansion,58,B - Probable Federer,Good Fit,Strong healthcare manufacturing business with niche product expertise.,Built specialized surgical products used across domestic and international healthcare markets.,"Company Website, LinkedIn, Industry Sources"
Angstrom Biotech,angstrombiotech.in,Hyderabad,Diagnostics & Life Sciences,Diagnostic kits and biotech products,Rs.30-100Cr,Managing Director,Managing Director,Biotechnology industry leadership,PASS,Manufactures diagnostic products,PASS,Hyderabad operations,Strong (20),Specialized diagnostics portfolio,Strong (15),Biotechnology-focused management,Strong (15),Diagnostics and healthcare growth,Moderate (8),Product portfolio expansion,58,B - Probable Federer,Good Fit,Diagnostics-focused company operating in a growing healthcare segment.,Built specialized diagnostic solutions addressing increasing healthcare demand.,"Company Website, LinkedIn, Industry Sources"
Accura Micro Tech,accuramicrotech.com,Ahmedabad,Medical Devices,Orthopedic implants and trauma devices,Rs.30-100Cr,Founder Team,Managing Director,Medical device manufacturing,PASS,In-house implant manufacturing,PASS,Ahmedabad operations,Strong (20),Specialized orthopedic implants,Strong (15),Product-focused manufacturing leadership,Strong (15),Growing orthopedic device market,Moderate (8),Expanded product offerings,58,B - Probable Federer,Good Fit,Niche orthopedic implant manufacturer with strong specialization.,Built specialized orthopedic implant solutions serving hospitals and surgeons across India.,"Company website, LinkedIn, industry sources"
S3V Vascular Technologies,s3vvascular.com,Bengaluru,Medical Devices,Vascular grafts and cardiovascular products,Rs.30-100Cr,Founder Leadership,Managing Director,Medical technology entrepreneur,PASS,Manufactures vascular devices,PASS,Bengaluru operations,Strong (20),Niche cardiovascular products,Strong (15),Technology-driven healthcare business,Strong (15),Medical device market growth,Moderate (8),Product and market expansion,58,B - Probable Federer,Good Fit,Specialized cardiovascular device manufacturer operating in a growing sector.,Developed niche cardiovascular products competing in high-value healthcare segments.,"Company website, LinkedIn, healthcare industry sources"
Peekay Mediequip,peekaymediequip.com,Chennai,Medical Devices,Hospital equipment and medical devices,Rs.30-100Cr,Founder Leadership,Managing Director,Medical equipment manufacturing,PASS,Manufactures medical equipment,PASS,Chennai operations,Moderate (10),Specialized medical equipment portfolio,Moderate (8),Industry experience,Strong (15),Healthcare demand growth,Moderate (8),Product line expansion,41,C - Borderline,Borderline Fit,Strong manufacturing capability but lower differentiation compared to specialized device companies.,Expanded medical equipment offerings across multiple healthcare categories.,"Company website, LinkedIn, industry reports"
Rossari Biotech,rossari.com,Mumbai,Specialty Chemicals,"Specialty chemicals, enzymes, textile chemicals, performance chemicals",>Rs.500Cr,Edward Menezes,Co-Founder & Executive Chairman,Specialty chemical entrepreneur,PASS,Multiple chemical manufacturing facilities,PASS,India manufacturing operations,Strong (20),Specialized formulations and industrial chemical portfolio,Strong (15),Founder-led specialty chemical business,Strong (15),Specialty chemical export growth and manufacturing push,Strong (15),Acquisitions and expansion activities,65,A - Strong Federer,Strong Fit,Established specialty chemical manufacturer with strong technical capabilities and growth momentum.,Built a diversified specialty chemicals platform serving multiple industrial sectors globally.,"Company website, annual reports, LinkedIn"
Lakshmi Machine Works,lmwglobal.com,Coimbatore,Precision Engineering,"Textile machinery, CNC machines, industrial equipment",>Rs.500Cr,Sanjay Jayavarthanavelu,Chairman & Managing Director,Industrial manufacturing leadership,PASS,Large-scale machinery manufacturing facilities,PASS,Coimbatore production base,Strong (20),Advanced industrial machinery manufacturing,Strong (15),Engineering-driven company leadership,Moderate (8),Industrial manufacturing demand growth,Strong (15),Export markets and machinery expansion,58,B - Probable Federer,Good Fit,Strong engineering manufacturer with established global presence.,Built one of India's most respected industrial machinery manufacturing brands.,"Company website, annual reports, LinkedIn"
Aether Industries,aether.co.in,Surat,Specialty Chemicals,"Specialty chemicals, advanced intermediates",Rs.300-500Cr,Aman Desai,Co-Founder & Whole-Time Director,Specialty chemical entrepreneur,PASS,Own specialty chemical manufacturing facilities,PASS,Surat manufacturing operations,Strong (20),High-value specialty chemistry products,Strong (15),Technology-focused chemical manufacturing leadership,Strong (15),China+1 and specialty chemical demand,Strong (15),Capacity expansion and exports,65,A - Strong Federer,Strong Fit,High-margin specialty chemical manufacturer benefiting from global supply chain shifts.,Built advanced chemistry capabilities serving global specialty markets.,"Company website, annual reports, LinkedIn"
Tatva Chintan Pharma Chem,tatvachintan.com,Vadodara,Specialty Chemicals,"Structure-directing agents, specialty chemicals, electrolytes",Rs.300-500Cr,Chintan Shah,Chairman & Managing Director,Chemical industry entrepreneur,PASS,Produces specialty chemicals in-house,PASS,Vadodara manufacturing facilities,Strong (20),Niche specialty chemistry portfolio,Strong (15),Founder-led specialty chemical company,Strong (15),EV battery and specialty chemical growth,Strong (15),Product expansion and export opportunities,65,A - Strong Federer,Strong Fit,Strong specialty chemical business operating in high-growth sectors.,Developed niche chemistry solutions supporting next-generation industrial applications.,"Company website, annual reports, LinkedIn"
Anthem Biosciences,anthembio.com,Bengaluru,Biotechnology,"Contract research, biologics, drug development services",>Rs.500Cr,Ajay Bharadwaj,Founder & Managing Director,Biotechnology entrepreneur and scientist,PASS,Operates biologics manufacturing and research facilities,PASS,Bengaluru-based R&D and manufacturing operations,Strong (20),Specialized biologics and contract research expertise,Strong (15),Scientist-founder with deep biotech experience,Strong (15),Global biologics and biotech market growth,Strong (15),Expansion in research and manufacturing capabilities,65,A - Strong Federer,Strong Fit,High-value biotech company with strong technical moat and global relevance.,Built world-class biologics and contract research capabilities from India.,"Company website, LinkedIn, biotech industry reports"
Biocon Biologics,bioconbiologics.com,Bengaluru,Biotechnology,"Biosimilars, biologic medicines",>Rs.500Cr,Shreehas Tambe,CEO & Managing Director,Biopharmaceutical industry leadership,PASS,Large-scale biologics manufacturing facilities,PASS,Bengaluru manufacturing and R&D operations,Strong (20),Specialized biosimilars and biologics expertise,Strong (15),Deep pharmaceutical and biotechnology experience,Strong (15),Rapid growth in biologics and biosimilars market,Strong (15),International expansion and acquisitions,65,A - Strong Federer,Strong Fit,Global-scale biologics company with strong technology and growth advantages.,Built globally competitive biosimilar capabilities serving patients across multiple continents.,"Company website, annual reports, LinkedIn"
Equinox Precision Technologies,equinox-india.com,Pune,Precision Engineering,"Precision machined components, aerospace and industrial parts",Rs.100-300Cr,Leadership Team,Managing Director,Precision manufacturing expertise,PASS,Precision component manufacturing facilities,PASS,Pune manufacturing operations,Strong (20),High-precision engineering capabilities,Strong (15),Engineering-focused leadership,Moderate (8),Aerospace and industrial manufacturing growth,Moderate (8),Customer and capacity expansion,51,B - Probable Federer,Good Fit,Strong precision engineering business with technical manufacturing strengths.,Built advanced precision manufacturing capabilities serving demanding industrial sectors.,"Company website, LinkedIn, industry sources"
Pioneer Embroideries Ltd,pelhakoba.com,Mumbai,Specialty Textiles,"Embroidery, lace, specialty textile products",Rs.100-300Cr,Sajjan Bhajanka,Chairman & Managing Director,Textile manufacturing entrepreneur,PASS,Own textile manufacturing facilities,PASS,Manufacturing operations in India,Moderate (10),Specialized embroidery and lace products,Moderate (8),Manufacturing-focused leadership,Moderate (8),Technical textile demand growth,Moderate (8),Product diversification,34,C - Borderline,Borderline Fit,Good manufacturing base but limited technological moat.,Built a recognized specialty textile manufacturing business with export presence.,"Company website, annual reports, LinkedIn"
Ross Lifescience,rosslifescience.com,Mumbai,Life Sciences / Research Chemicals,"Laboratory chemicals, research reagents, diagnostic raw materials",Rs.30-100Cr,Leadership Team,Managing Director,Life sciences and laboratory solutions industry,PASS,Produces laboratory and research chemical products,PASS,Mumbai-based operations,Strong (20),Specialized research and laboratory product portfolio,Strong (15),Science-focused business leadership,Strong (15),Growing diagnostics and life sciences demand,Moderate (8),Product portfolio expansion,58,B - Probable Federer,Good Fit,Niche life sciences company operating in a specialized and growing market.,Built specialized laboratory and research product capabilities serving scientific institutions and industry.,"Company website, LinkedIn, industry sources"
Centaur Pharmaceuticals,centaurpharma.com,Mumbai,Pharmaceuticals,"Finished formulations, APIs, pharmaceutical products",>Rs.500Cr,S. R. Agharkar,Chairman & Managing Director,Pharmaceutical manufacturing entrepreneur,PASS,Own pharmaceutical manufacturing facilities,PASS,Manufacturing and R&D operations in India,Strong (20),Specialized pharmaceutical product portfolio and exports,Strong (15),Pharma-focused leadership and manufacturing expertise,Strong (15),Growing domestic and export pharmaceutical demand,Strong (15),International market expansion and product growth,65,A - Strong Federer,Strong Fit,Established pharmaceutical manufacturer with strong production capabilities and export presence.,Built a globally active pharmaceutical business with manufacturing and regulatory expertise.,"Company website, LinkedIn, annual report"
